model,representation,n_base_features,n_features_with_indicators,mean_accuracy,mean_log_loss,mean_roc_auc,std_roc_auc
logistic_regression,combined,115,196.0,0.6245700518079551,0.652357280033093,0.6731545798451322,0.05896789372644934
logistic_regression,diffs,39,66.0,0.62348800541855,0.6600333870767079,0.6651543424823573,0.05862912423102963
logistic_regression,individual,77,131.0,0.6281838325114126,0.6408287721983913,0.6761241704305475,0.058335610317098406
random_forest,combined,115,196.0,0.6255084582887055,0.6444311055422107,0.6697931225608005,0.06755487697954655
random_forest,diffs,39,66.0,0.6113911419373314,0.6817296426324626,0.65279159984179,0.06264972631432117
random_forest,individual,77,131.0,0.6204895992471267,0.6485940769113291,0.6624951364839075,0.070614534837773
xgboost_model,combined,115,196.0,0.6348081070459054,0.6322090923786163,0.6867254420090809,0.06421365191953854
xgboost_model,diffs,39,66.0,0.6273648068163133,0.6417046735684077,0.6747864893001007,0.06291202220239714
xgboost_model,individual,77,131.0,0.6329020465344163,0.632802315056324,0.6855834228808977,0.06269050664098763
