period,n_train,n_test,n_features,accuracy,log_loss,roc_auc
2003,1232,230,66,0.7478260869565218,0.550008237361908,0.8080151228733459
2004,1462,308,66,0.7045454545454546,0.5920374393463135,0.7574422330915838
2005,1770,410,66,0.7463414634146341,0.5188363194465637,0.8226531826293874
2006,2180,754,66,0.6710875331564987,0.6011307239532471,0.7418049799829731
2007,2934,688,66,0.6976744186046512,0.5875260233879089,0.7571406841535966
2008,3622,910,66,0.6450549450549451,0.616677463054657,0.72058205530733
2009,4532,950,66,0.6242105263157894,0.6331713795661926,0.6873041551246537
2010,5482,1000,66,0.604,0.6581506133079529,0.660822
2011,6482,976,66,0.6188524590163934,0.6315068602561951,0.6885980751142166
2012,7458,780,66,0.5935897435897436,0.6829017996788025,0.6176166995397765
2013,8238,778,66,0.6272493573264781,0.6539210677146912,0.6668638192980486
2014,9016,988,66,0.6082995951417004,0.6616577506065369,0.6562494877804914
2015,10004,928,66,0.5743534482758621,0.6853016018867493,0.6200626114744352
2016,10932,966,66,0.6304347826086957,0.6543959975242615,0.6679354791696137
2017,11898,970,66,0.6051546391752577,0.6702452898025513,0.6308916994367095
2018,12868,1044,66,0.5881226053639846,0.6628739237785339,0.6408761615360902
2019,13912,1106,66,0.566003616636528,0.6963504552841187,0.5837941329391875
2020,15018,984,66,0.6016260162601627,0.6637267470359802,0.6402810826888756
2021,16002,1092,66,0.5659340659340659,0.6845608949661255,0.5929503951481974
2022,17094,1164,66,0.6013745704467354,0.6636366248130798,0.640965801065174
2023,18258,1162,66,0.6204819277108434,0.6569657921791077,0.651531130669716
2024,19420,1186,66,0.5775716694772344,0.6633968949317932,0.6255271591843002
2025,20606,1188,66,0.6035353535353535,0.6532754302024841,0.656463626160596
2026,21794,682,66,0.6334310850439883,0.6586568355560303,0.6585039688341172
