model,period,n_train,n_test,accuracy,log_loss,roc_auc,mse,target_variance,beats_mean_baseline
logistic_regression,2003,1232,230,0.7043478260869566,0.6281812587201286,0.7639319470699433,0.20333649375526705,0.25,True
logistic_regression,2004,1462,308,0.6688311688311688,0.5806946140173012,0.7612582222971832,0.19993576300797505,0.25,True
logistic_regression,2005,1770,410,0.7024390243902439,0.5459357049049305,0.7995716835217133,0.18247619289833675,0.25,True
logistic_regression,2006,2180,754,0.7055702917771883,0.5661564781973042,0.7788417564325366,0.19258244015347684,0.25,True
logistic_regression,2007,2934,688,0.7063953488372093,0.6544019766008035,0.7336947336398053,0.2151264722874136,0.25,True
logistic_regression,2008,3622,910,0.6571428571428571,0.7207660640826224,0.7219466248037676,0.21706473133591914,0.25,True
logistic_regression,2009,4532,950,0.6484210526315789,0.6545268091375063,0.676008864265928,0.23037765326920429,0.25,True
logistic_regression,2010,5482,1000,0.613,0.6662502751083073,0.6585759999999999,0.23454369921285842,0.25,True
logistic_regression,2011,6482,976,0.617827868852459,0.6737100636141944,0.6742202196990056,0.22962159750405503,0.25,True
logistic_regression,2012,7458,780,0.5871794871794872,0.6696694157684244,0.6294937541091388,0.23854026708900353,0.25,True
logistic_regression,2013,8238,778,0.6452442159383034,0.6401104235439463,0.6913514978092928,0.22343575311687844,0.25,True
logistic_regression,2014,9016,988,0.5991902834008097,0.6710356946856338,0.6360659902637316,0.23841343863502262,0.25,True
logistic_regression,2015,10004,928,0.5754310344827587,0.6704398221116152,0.6333838064803805,0.23813571384867663,0.25,True
logistic_regression,2016,10932,966,0.6190476190476191,0.6523901965521371,0.6671253252403672,0.22989853876306657,0.25,True
logistic_regression,2017,11898,970,0.6,0.668762392174965,0.6350090339037093,0.23747391615727556,0.25,True
logistic_regression,2018,12868,1044,0.5957854406130269,0.658381542358412,0.6469040384022549,0.2332152255422348,0.25,True
logistic_regression,2019,13912,1106,0.5515370705244123,0.7016499019499447,0.566732829969033,0.2532367360709468,0.25,False
logistic_regression,2020,15018,984,0.6097560975609756,0.6622056190996154,0.6434620596205962,0.23478863576838194,0.25,True
logistic_regression,2021,16002,1092,0.5622710622710623,0.6889673668528856,0.5873351312911752,0.24715781230063602,0.25,True
logistic_regression,2022,17094,1164,0.5927835051546392,0.6589519684597377,0.6436567825131965,0.23355102735097455,0.25,True
logistic_regression,2023,18258,1162,0.6015490533562823,0.6597129792686319,0.6465853579056822,0.23379121015205323,0.25,True
logistic_regression,2024,19420,1186,0.5868465430016864,0.6624321881034916,0.6316241479429772,0.23565831440403542,0.25,True
logistic_regression,2025,20606,1188,0.6085858585858586,0.6530743909495419,0.6556558854538652,0.23082339103270427,0.25,True
logistic_regression,2026,21794,682,0.6304985337243402,0.648167574532151,0.6732742236478875,0.2277997014620097,0.25,True
random_forest,2003,1232,230,0.6782608695652174,0.5867417800020239,0.7495652173913044,0.20223974486714977,0.25,True
random_forest,2004,1462,308,0.7012987012987013,0.5728911503891715,0.7730435149266318,0.19557659031688976,0.25,True
random_forest,2005,1770,410,0.7609756097560976,0.5194895190956359,0.8500892325996431,0.17120384204809067,0.25,True
random_forest,2006,2180,754,0.6883289124668435,0.587588456531678,0.7553243884077142,0.20119065806384706,0.25,True
random_forest,2007,2934,688,0.6947674418604651,0.5791204135106186,0.7644588290968091,0.1980881368737003,0.25,True
random_forest,2008,3622,910,0.6615384615384615,0.607628718024443,0.7258567805820553,0.21091430212521048,0.25,True
random_forest,2009,4532,950,0.611578947368421,0.6666277272605808,0.6555944598337949,0.23395129048136026,0.25,True
random_forest,2010,5482,1000,0.618,0.6543712344302186,0.667338,0.23014516687016043,0.25,True
random_forest,2011,6482,976,0.617827868852459,0.6490664756605159,0.6692652344799783,0.22827230688168762,0.25,True
random_forest,2012,7458,780,0.6205128205128205,0.6489584584290049,0.6638560157790927,0.2290506774928775,0.25,True
random_forest,2013,8238,778,0.6182519280205655,0.6650052940244262,0.6506202047303415,0.2355098971722365,0.25,True
random_forest,2014,9016,988,0.611336032388664,0.6707832752774566,0.6368425150387648,0.23847752333558256,0.25,True
random_forest,2015,10004,928,0.5905172413793104,0.6656392248356466,0.6316722094233056,0.23646019179537833,0.25,True
random_forest,2016,10932,966,0.6242236024844721,0.6441532137480914,0.6742045274316405,0.22681992753623187,0.25,True
random_forest,2017,11898,970,0.5969072164948453,0.6912203933683482,0.6082282920607929,0.24644442853506426,0.25,True
random_forest,2018,12868,1044,0.5756704980842912,0.6678629534343455,0.6222218552281968,0.23762353216295495,0.25,True
random_forest,2019,13912,1106,0.5397830018083183,0.7007796235408271,0.5642002033949296,0.252370931283906,0.25,False
random_forest,2020,15018,984,0.5904471544715447,0.6744851620286269,0.6140049738912022,0.24063004598435067,0.25,True
random_forest,2021,16002,1092,0.5741758241758241,0.6899345138449516,0.5951173368755787,0.24677169024935505,0.25,True
random_forest,2022,17094,1164,0.6013745704467354,0.6635420560881428,0.6417481489354164,0.2354341709621993,0.25,True
random_forest,2023,18258,1162,0.5920826161790017,0.6665946893408772,0.6282908866841846,0.23716293163726335,0.25,True
random_forest,2024,19420,1186,0.5885328836424958,0.6658346028169173,0.6342460806087888,0.23657309219703124,0.25,True
random_forest,2025,20606,1188,0.6018518518518519,0.6803687066529831,0.6152305887154372,0.2428263481165825,0.25,True
random_forest,2026,21794,682,0.6539589442815249,0.647658890677526,0.6840154453436074,0.22767331378299116,0.25,True
xgboost_model,2003,1232,230,0.7,0.5598793625831604,0.7940264650283555,0.1861138790845871,0.25,True
xgboost_model,2004,1462,308,0.6818181818181818,0.5855333805084229,0.7604570753921405,0.20021793246269226,0.25,True
xgboost_model,2005,1770,410,0.7585365853658537,0.5140090584754944,0.8255800118976798,0.17010383307933807,0.25,True
xgboost_model,2006,2180,754,0.7214854111405835,0.5622984766960144,0.7821873087125076,0.19095411896705627,0.25,True
xgboost_model,2007,2934,688,0.6802325581395349,0.5930110216140747,0.7544491955110871,0.202440544962883,0.25,True
xgboost_model,2008,3622,910,0.6835164835164835,0.5828150510787964,0.7585774664895545,0.19964085519313812,0.25,True
xgboost_model,2009,4532,950,0.6463157894736842,0.6142525672912598,0.7099767313019391,0.21522904932498932,0.25,True
xgboost_model,2010,5482,1000,0.648,0.6361744999885559,0.6930959999999999,0.22269955277442932,0.25,True
xgboost_model,2011,6482,976,0.6270491803278688,0.6264774799346924,0.6987515956732061,0.21934297680854797,0.25,True
xgboost_model,2012,7458,780,0.617948717948718,0.6518608927726746,0.663379355687048,0.23052072525024414,0.25,True
xgboost_model,2013,8238,778,0.6555269922879178,0.6301395893096924,0.7002266704555218,0.22006790339946747,0.25,True
xgboost_model,2014,9016,988,0.6153846153846154,0.662060022354126,0.6510268976708355,0.23431527614593506,0.25,True
xgboost_model,2015,10004,928,0.5818965517241379,0.671875536441803,0.6292847986028538,0.23910199105739594,0.25,True
xgboost_model,2016,10932,966,0.6273291925465838,0.6363193392753601,0.690264007304245,0.22256529331207275,0.25,True
xgboost_model,2017,11898,970,0.6061855670103092,0.6733825206756592,0.6266298225103624,0.23975251615047455,0.25,True
xgboost_model,2018,12868,1044,0.6015325670498084,0.659284234046936,0.6468930285814947,0.23363129794597626,0.25,True
xgboost_model,2019,13912,1106,0.5669077757685352,0.6974959373474121,0.5767897609292074,0.2512902319431305,0.25,False
xgboost_model,2020,15018,984,0.5955284552845529,0.6679329872131348,0.6276914369753455,0.23775294423103333,0.25,True
xgboost_model,2021,16002,1092,0.5540293040293041,0.6818788647651672,0.5952766708261213,0.2443116307258606,0.25,True
xgboost_model,2022,17094,1164,0.6099656357388317,0.657869815826416,0.6492823065386568,0.23284797370433807,0.25,True
xgboost_model,2023,18258,1162,0.6247848537005164,0.6528809070587158,0.6606731820322845,0.23061826825141907,0.25,True
xgboost_model,2024,19420,1186,0.5893760539629005,0.6576822400093079,0.6410113493853246,0.23330993950366974,0.25,True
xgboost_model,2025,20606,1188,0.6144781144781145,0.6490530967712402,0.6695135983856524,0.22848233580589294,0.25,True
xgboost_model,2026,21794,682,0.6275659824046921,0.6488513350486755,0.6763658723265193,0.22786827385425568,0.25,True
